<?xml version="1.0" encoding="UTF-8"?>
<beans xmlns="http://www.springframework.org/schema/beans"
	xmlns:xsi="http://www.w3.org/2001/XMLSchema-instance" 
	xmlns:context="http://www.springframework.org/schema/context"
	xmlns:tx="http://www.springframework.org/schema/tx"
	xsi:schemaLocation="
	http://www.springframework.org/schema/beans
	http://www.springframework.org/schema/beans/spring-beans-3.0.xsd
	http://www.springframework.org/schema/context
	http://www.springframework.org/schema/context/spring-context-3.0.xsd
	http://www.springframework.org/schema/tx
	http://www.springframework.org/schema/tx/spring-tx-3.0.xsd">
	
	<tx:annotation-driven transaction-manager="hibernateTransactionManager"/>
	
	<bean id="jspViewResolver"
		class="org.springframework.web.servlet.view.InternalResourceViewResolver">
		<property name="viewClass"
			value="org.springframework.web.servlet.view.JstlView" />
		<property name="prefix" value="/WEB-INF/views/" />
		<property name="suffix" value=".jsp" />
	</bean>

	<bean id="dataSource"
		class="org.apache.commons.dbcp.BasicDataSource" destroy-method="close">
		<property name="driverClassName" value="oracle.jdbc.OracleDriver" />
		<property name="url" value="jdbc:oracle:thin:@localhost:1521:XE" />
		<property name="username" value="hr" />
		<property name="password" value="hr" />
	</bean>

	<bean id="sessionFactory"
		class="org.springframework.orm.hibernate3.annotation.AnnotationSessionFactoryBean">
		<property name="dataSource" ref="dataSource" />
		<property name="annotatedClasses">
			<list>
				<value>com.model.Employee</value>
				<value>com.model.Users</value>
				<value>com.model.Document</value>
			</list>
		</property>
		<property name="hibernateProperties">
			<props>
				<prop key="hibernate.dialect">org.hibernate.dialect.Oracle10gDialect</prop>
				<prop key="hibernate.show_sql">true</prop>
				<prop key="hibernate.hbm2ddl.auto">update</prop>	
				<prop key="connection.pool_size">1</prop>
        	</props>
		</property>
	</bean>

	<bean id="hibernateTransactionManager"
		class="org.springframework.orm.hibernate3.HibernateTransactionManager">
		<property name="sessionFactory" ref="sessionFactory" />
	</bean>
	<bean id="myEmployeeDAO" class="com.dao.EmployeeDaoImpl">
		<property name="sessionFactory" ref="sessionFactory"/>
	</bean>
	<bean id="myUserDAO" class="com.dao.UserDaoImpl">
		<property name="sessionFactory" ref="sessionFactory"/>
	</bean>
	<bean id="myRegistrationDAO" class="com.dao.RegistrationDaoImpl">
		<property name="sessionFactory" ref="sessionFactory"/>
	</bean>
	<bean id="myDocumentDAO" class="com.dao.DocumentDaoImpl">
		<property name="sessionFactory" ref="sessionFactory"/>
	</bean>
	<bean id = "employeeServiceImpl" class="com.service.EmployeeServiceImpl" >
		<property name="employeeDao" ref="myEmployeeDAO"/>
	</bean>
	<bean id = "userServiceImpl" class="com.service.UserServiceImpl" >
		<property name="userDao" ref="myUserDAO"/>
	</bean>
	<bean id = "registrationServiceImpl" class="com.service.RegistrationServiceImpl" >
		<property name="registrationDao" ref="myRegistrationDAO"/>
	</bean>
	
	<bean id="myRegistrationValidation" class="com.controller.RegistrationValidation" />
	
	<bean class="com.controller.RegistrationController">
		<property name="registrationService" ref="registrationServiceImpl" />
		<property name="registrationValidation" ref="myRegistrationValidation" />
	</bean>
	
	
	<bean class="com.controller.LoginController" >
		<property name="userService" ref="userServiceImpl" />
	</bean>
	
	<bean class="com.controller.DocumentController" >
		<property name="documentDao" ref="myDocumentDAO" />
	</bean>
	
	<bean class="com.controller.EmployeeController" >
		<property name="employeeService" ref="employeeServiceImpl" />
	</bean>
	<bean id="multipartResolver"
		class="org.springframework.web.multipart.commons.CommonsMultipartResolver">

		<!-- one of the properties available; the maximum file size in bytes -->
		<property name="maxUploadSize" value="10000000" />
	</bean>
	<bean id="messageSource" class="org.springframework.context.support.ResourceBundleMessageSource">
       <property name="basename" value="messages" />
    </bean>
</beans>