<?xml version="1.0" encoding="UTF-8"?>
<beans xmlns="http://www.springframework.org/schema/beans"
	xmlns:xsi="http://www.w3.org/2001/XMLSchema-instance" 
	xmlns:context="http://www.springframework.org/schema/context"
	xmlns:tx="http://www.springframework.org/schema/tx"
	xsi:schemaLocation="
	http://www.springframework.org/schema/beans
	http://www.springframework.org/schema/beans/spring-beans-3.0.xsd
	http://www.springframework.org/schema/context
	http://www.springframework.org/schema/context/spring-context-3.0.xsd
	http://www.springframework.org/schema/tx
	http://www.springframework.org/schema/tx/spring-tx-3.0.xsd">
	
	<bean id="jspViewResolver"
		class="org.springframework.web.servlet.view.InternalResourceViewResolver">
		<property name="viewClass"
			value="org.springframework.web.servlet.view.JstlView" />
		<property name="prefix" value="/views/" />
		<property name="suffix" value=".jsp" />
	</bean>

	<bean id="dataSource"
		class="org.apache.commons.dbcp.BasicDataSource" destroy-method="close">
		<property name="driverClassName" value="oracle.jdbc.OracleDriver" />
		<property name="url" value="jdbc:oracle:thin:@localhost:1521:xe" />
		<property name="username" value="hr" />
		<property name="password" value="hr" />
	</bean>

	<bean id="sessionFactory"
		class="org.springframework.orm.hibernate3.annotation.AnnotationSessionFactoryBean">
		<property name="dataSource" ref="dataSource" />
		<property name="annotatedClasses">
			<list>
				<value>com.loan.model.Customer</value>
				<value>com.loan.model.Login</value>
			</list>
		</property>
		<property name="hibernateProperties">
			<props>
				<prop key="hibernate.dialect">org.hibernate.dialect.Oracle10gDialect</prop>
				<prop key="hibernate.show_sql">true</prop>
				<prop key="hibernate.hbm2ddl.auto">create</prop>	
				<prop key="connection.pool_size">1</prop>
        	</props>
		</property>
	</bean>

	<bean id="hibernateTransactionManager"
		class="org.springframework.orm.hibernate3.HibernateTransactionManager">
		<property name="sessionFactory" ref="sessionFactory" />
	</bean>
	
	<context:component-scan base-package="com.loan.controller"/>
	<context:component-scan base-package="com.loan.service"/>
	<context:component-scan base-package="com.loan.model"/>
	<context:component-scan base-package="com.loan.beans" />
	<context:component-scan base-package="com.loan.dao" />
	
	<bean id="customerDao" class="com.loan.dao.CustomerDAOImpl">

	</bean>
	
	<bean id="registerDao" class="com.loan.dao.RegistrationDAOImpl"/>	
	<bean id = "customerServiceImpl" class="com.loan.service.CustomerServiceImpl" >
		
	</bean>
	
	<bean id = "registrationServiceImpl" class="com.loan.service.RegisterServiceImpl" >
		
	</bean>
	
	<bean id="registrationValidation" class="com.loan.controller.RegistrationValidation" />
	
	<bean class="com.loan.controller.RegisterController">
		
	</bean>
	
	<bean class="com.loan.controller.CustomerController" >
		
	</bean>
	
	<bean id="messageSource" class="org.springframework.context.support.ResourceBundleMessageSource">
       <property name="basename" value="messages" />
    </bean>
</beans>