<?xml version="1.0" encoding="UTF-8"?>

<beans xmlns="http://www.springframework.org/schema/beans"
	xmlns:xsi="http://www.w3.org/2001/XMLSchema-instance"
	xsi:schemaLocation="http://www.springframework.org/schema/beans http://www.springframework.org/schema/beans/spring-beans.xsd">

	<bean id="dataSourceBean" class="org.springframework.jdbc.datasource.DriverManagerDataSource" >
		<property name="driverClassName" value="oracle.jdbc.OracleDriver" />
		<property name="url" value="jdbc:oracle:thin:@localhost:1521:xe" />
		<property name="username" value="hr" />
		<property name="password" value = "hr" />
	</bean>
	
	<bean id="sessionFactoryBean"
			 class="org.springframework.orm.hibernate3.annotation.AnnotationSessionFactoryBean">
		<property name="dataSource" ref="dataSourceBean" />
		<property name="annotatedClasses">
			<list>
				<value>com.spring.pojo.User</value>
			</list>
		</property>
		<property name="hibernateProperties">
			<props>
				<prop key="hibernate.dialect">org.hibernate.dialect.Oracle10gDialect</prop>
				<prop key="hibernate.show_sql">true</prop>
				<prop key="hibernate.hbm2ddl.auto">create</prop>	
				<prop key="connection.pool_size">1</prop>
			</props>
		</property>
	</bean>
	
	<bean id="hibernateTemplateBean" class="org.springframework.orm.hibernate3.HibernateTemplate">
		<property name="sessionFactory" ref="sessionFactoryBean" />
	</bean>

	<bean id="authServiceBean" class="com.spring.service.AuthService">
		<property name="hibernateTemplate" value="hibernateTemplateBean" />
	</bean>

</beans>