<?xml version="1.0" encoding="UTF-8"?>
<beans xmlns="http://www.springframework.org/schema/beans"
	xmlns:xsi="http://www.w3.org/2001/XMLSchema-instance" 
	xmlns:context="http://www.springframework.org/schema/context"
	xmlns:tx="http://www.springframework.org/schema/tx"
	xsi:schemaLocation="
	http://www.springframework.org/schema/beans
	http://www.springframework.org/schema/beans/spring-beans-3.0.xsd
	http://www.springframework.org/schema/context
	http://www.springframework.org/schema/context/spring-context-3.0.xsd
	http://www.springframework.org/schema/tx
	http://www.springframework.org/schema/tx/spring-tx-3.0.xsd">
	<tx:annotation-driven transaction-manager="hibernateTransactionManager"/>
	
	<bean id="jspViewResolver"
		class="org.springframework.web.servlet.view.InternalResourceViewResolver">
		<property name="viewClass"
			value="org.springframework.web.servlet.view.JstlView" />
		<property name="prefix" value="/WEB-INF/views/" />
		<property name="suffix" value=".jsp" />
	</bean>

	<bean id="dataSource"
		class="org.apache.commons.dbcp.BasicDataSource" destroy-method="close">
		<property name="driverClassName" value="oracle.jdbc.OracleDriver" />
		<property name="url" value="jdbc:oracle:thin:@localhost:1521:xe" />
		<property name="username" value="hr" />
		<property name="password" value="hr" />
	</bean>

	<bean id="sessionFactory"
		class="org.springframework.orm.hibernate3.annotation.AnnotationSessionFactoryBean">
		<property name="dataSource" ref="dataSource" />
		<property name="annotatedClasses">
			<list>
				<value>com.loan.model.Employee</value>
				<value>com.loan.model.Users</value>
				<value>com.loan.model.Employer</value>
				<value>com.loan.model.Employment</value>
				<value>com.loan.model.HLoanDetails</value>
				<value>com.loan.model.Property</value>
				<value>com.loan.model.Person</value>
				<value>com.loan.model.Vehicle</value>
				<value>com.loan.model.Bank</value>
				<value>com.loan.model.Document</value>
			</list>
		</property>
		<property name="hibernateProperties">
			<props>
				<prop key="hibernate.dialect">org.hibernate.dialect.Oracle10gDialect</prop>
				<prop key="hibernate.show_sql">true</prop>
				<prop key="hibernate.hbm2ddl.auto">update</prop>	
				<prop key="connection.pool_size">1</prop>
        	</props>
		</property>
	</bean>

	<bean id="hibernateTransactionManager"
		class="org.springframework.orm.hibernate3.HibernateTransactionManager">
		<property name="sessionFactory" ref="sessionFactory" />
	</bean>
	<!-- <bean id="myEmployeeDAO" class="com.loan.dao.EmployeeDaoImpl">
		<property name="sessionFactory" ref="sessionFactory"/>
	</bean> -->
	<bean id="myUserDAO" class="com.loan.dao.UserDaoImpl">
		<property name="sessionFactory" ref="sessionFactory"/>
	</bean>
	<bean id="myRegistrationDAO" class="com.loan.dao.RegistrationDaoImpl">
		<property name="sessionFactory" ref="sessionFactory"/>
	</bean>
	
	
	
	
	
	
	<bean id="myEmployerDAO" class="com.loan.dao.EmployerDAOImpl">
		<property name="sessionFactory" ref="sessionFactory"/>
	</bean>
	
	<bean id="myEmploymentDAO" class="com.loan.dao.EmploymentDAOImpl">
		<property name="sessionFactory" ref="sessionFactory"/>
	</bean>
	
		<bean id = "employerServiceImpl" class="com.loan.service.EmployerServiceImpl" >
		<property name="employerDAO" ref="myEmployerDAO"/>
	</bean>
	
	
		<bean id = "employmentServiceImpl" class="com.loan.service.EmploymentServiceImpl" >
		<property name="employmentDao" ref="myEmploymentDAO"/>
	</bean>
	
	
		<bean class="com.loan.controller.EmployerController" >
		<property name="employerService" ref="employerServiceImpl" />
	</bean>

	
		<bean class="com.loan.controller.EmploymentController" >
		<property name="employmentService" ref="employmentServiceImpl" />
	</bean>
	
	<bean id="myHLoanDetailsDAO" class="com.loan.dao.HLoanDetailsDAOImpl">
		<property name="sessionFactory" ref="sessionFactory"/>
	</bean>
	
		<bean id = "HLoanDetailsServiceImpl" class="com.loan.service.HLoanDetailsServiceImpl" >
		<property name="hLoanDetailsDAO" ref="myHLoanDetailsDAO"/>
	</bean>
	
		<bean class="com.loan.controller.HLoanDetailsController" >
		<property name="hLoanDetailsService" ref="HLoanDetailsServiceImpl" />
	</bean>
	
			<bean class="com.loan.controller.VLoanDetailsController" >
		<property name="hLoanDetailsService" ref="HLoanDetailsServiceImpl" />
	</bean>
	
	
			<bean id="myPropertyDAO" class="com.loan.dao.PropertyDAOimpl">
		<property name="sessionFactory" ref="sessionFactory"/>
	</bean>
	
		<bean id = "propertyServiceImpl" class="com.loan.service.PropertyServiceImpl" >
		<property name="propertyDAO" ref="myPropertyDAO"/>
	</bean>
	
		<bean class="com.loan.controller.PropertyController">
		<property name="propertyService" ref="propertyServiceImpl" />
	</bean>
	<bean id="myBankDAO" class="com.loan.dao.BankDAOImpl">
		<property name="sessionFactory" ref="sessionFactory"/>
	</bean>
	
	<bean id = "bankServiceImpl" class="com.loan.service.BankServiceImpl" >
		<property name="bankDao" ref="myBankDAO"/>
	</bean>
	<bean class="com.loan.controller.BankController" >
		<property name="bankService" ref="bankServiceImpl" />
	</bean>
	
	<bean id="personalDao" class="com.loan.dao.PersonalDaoImpl">
		<property name="sessionFactory" ref="sessionFactory"></property>
	</bean>
	
	
	
	<bean id="personalService" class="com.loan.service.PersonalServiceImpl">
		<property name="personalDao" ref="personalDao"></property>
	</bean>
	
	
	
	<bean class="com.loan.controller.PersonalController">
		<property name="personalService" ref="personalService"></property>
	</bean>
	
	<bean class="com.loan.controller.VpersonalController">
		<property name="personalService" ref="personalService"></property>
	</bean>
	
	
	
	<bean id="myVehicleDAO" class="com.loan.dao.VehicleDAOImpl">
		<property name="sessionFactory" ref="sessionFactory"/>
	</bean>
	
		<bean id = "vehicleServiceImpl" class="com.loan.service.VehicleServiceImpl" >
		<property name="vehicleDao" ref="myVehicleDAO"/>
	</bean>
	
		<bean class="com.loan.controller.VehicleController" >
		<property name="vehicleservice" ref="vehicleServiceImpl" />
	</bean>
	
	
	<bean id="documentDao" class="com.loan.dao.DocumentDaoImpl">
		<property name="sessionFactory" ref="sessionFactory" />
	</bean>
	
	<bean id="documentService" class="com.loan.service.DocumentServiceImpl">
		<property name="documentDao" ref="documentDao" />
	</bean>
	
	<bean id="documentController" class="com.loan.controller.DocumentController">
		<property name="documentService" ref="documentService" />
	</bean>
	
	
	
	
	
	
	
	
	
	
	
	
	
	
	
	
	
	
	
	
	
	
	
	
	
	
	<!-- <bean id = "employeeServiceImpl" class="com.loan.service.EmployeeServiceImpl" >
		<property name="employeeDao" ref="myEmployeeDAO"/>
	</bean> -->
	<bean id = "userServiceImpl" class="com.loan.service.UserServiceImpl" >
		<property name="userDao" ref="myUserDAO"/>
	</bean>
	<bean id = "registrationServiceImpl" class="com.loan.service.RegistrationServiceImpl" >
		<property name="registrationDao" ref="myRegistrationDAO"/>
	</bean>
	
	<bean id="myRegistrationValidation" class="com.loan.controller.RegistrationValidation" />
	
	<bean class="com.loan.controller.RegistrationController">
		<property name="registrationService" ref="registrationServiceImpl" />
		<property name="registrationValidation" ref="myRegistrationValidation" />
	</bean>
	
	
	<bean class="com.loan.controller.LoginController" >
		<property name="userService" ref="userServiceImpl" />
	</bean>
	<!-- <bean class="com.loan.controller.EmployeeController" >
		<property name="employeeService" ref="employeeServiceImpl" />
	</bean> -->
	<bean id="messageSource" class="org.springframework.context.support.ResourceBundleMessageSource">
       <property name="basename" value="messages" />
    </bean>
    <bean id="multipartResolver"
		class="org.springframework.web.multipart.commons.CommonsMultipartResolver">

		<!-- one of the properties available; the maximum file size in bytes -->
		<property name="maxUploadSize" value="10000000" />
	</bean>
</beans>